{
  "ac connecticut": "AC_Connecticut_logo.jpeg",
  "alabama fc": "Alabama_FC_logo.png",
  "albany alleycats": "Albany_Alleycats_logo.jpeg",
  "albion hurricanes fc": "Albion_Hurricanes_logo.png",
  "albion hurricanes": "Albion_Hurricanes_logo.png",
  "arizona arsenal": "Arizona_Arsenal_logo.jpeg",
  "arlington soccer association": "Arlington_Soccer_logo.png",
  "arlington soccer": "Arlington_Soccer_logo.png",
  "arsenal colorado": "Arsenal_Colorado_logo.png",
  "association football club": "Association_FC_logo.png",
  "association fc": "Association_FC_logo.png",
  "atl\u00e9tico dallas youth": "Atl\u00e9tico_Dallas_Youth_logo.png",
  "avanti soccer academy": "Avanti_SA_logo.png",
  "avanti sa": "Avanti_SA_logo.png",
  "beach fc": "Beach_FC_CA_logo.jpeg",
  "beach fc ca": "Beach_FC_CA_logo.jpeg",
  "beach fc va": "Beach_FC_VA_logo.png",
  "bethesda sc": "Bethesda_SC_logo.png",
  "boerne sc": "Boerne_SC_logo.png",
  "boise thorns fc": "Boise_Thorns_FC_logo.png",
  "boise timbers thorns fc": "Boise_Thorns_FC_logo.png",
  "bryc": "BRYC_Academy_logo.png",
  "bryc academy": "BRYC_Academy_logo.png",
  "bvbia": "BVBIA_logo.png",
  "bvb ia": "BVBIA_logo.png",
  "cesa": "CESA_Liberty_logo.jpeg",
  "cesa liberty": "CESA_Liberty_logo.jpeg",
  "charlotte sa": "Charlotte_SA_Gold_logo.jpeg",
  "charlotte soccer academy": "Charlotte_SA_Gold_logo.jpeg",
  "charlotte sa gold": "Charlotte_SA_Gold_logo.jpeg",
  "chattanooga fc": "Chattanooga_logo.jpeg",
  "chattanooga red wolves": "Chattanooga_logo.jpeg",
  "chattanooga": "Chattanooga_logo.jpeg",
  "city sc utah": "City_SC_Utah_logo.png",
  "coastal rush": "Coastal_Rush_logo.png",
  "colorado edge": "Colorado_EDGE_logo.png",
  "colorado rapids": "Colorado_Rapids_Central_logo.png",
  "colorado rapids youth": "Colorado_Rapids_Central_logo.png",
  "colorado rapids central": "Colorado_Rapids_Central_logo.png",
  "colorado rush": "Colorado_Rush_Academy_logo.png",
  "colorado rush soccer club": "Colorado_Rush_Academy_logo.png",
  "colorado rush academy": "Colorado_Rush_Academy_logo.png",
  "concorde fire": "Concorde_Fire_logo.jpeg",
  "connecticut fc": "Connecticut_FC_logo.jpeg",
  "dallas cosmos sc": "Dallas_Cosmos_SC_logo.png",
  "dallas surf": "Dallas_Surf_logo.png",
  "surf": "Dallas_Surf_logo.png",
  "dallas texans": "Dallas_Texans_logo.jpeg",
  "texans": "Dallas_Texans_logo.jpeg",
  "dksc": "DKSC_WHITE_logo.jpeg",
  "dallas kicks sc": "DKSC_WHITE_logo.jpeg",
  "dksc white": "DKSC_WHITE_logo.jpeg",
  "eagles sc": "Eagles_SC_logo.png",
  "eastside timbers fc": "Eastside_Timbers_logo.png",
  "eastside timbers": "Eastside_Timbers_logo.png",
  "evolution sc": "Evolution_logo.png",
  "evolution": "Evolution_logo.png",
  "fc copa academy": "FC_Copa_Academy_logo.png",
  "fc copa": "FC_Copa_Academy_logo.png",
  "fc dallas": "FC_Dallas_logo.png",
  "fc stars": "FC_Stars_logo.png",
  "fc stars of mass": "FC_Stars_logo.png",
  "force sc": "Force_logo.png",
  "force": "Force_logo.png",
  "fsa fc": "FSA_FC_logo.png",
  "great falls reston soccer": "Great_Falls_Reston_Soccer_logo.png",
  "gfrsc": "Great_Falls_Reston_Soccer_logo.png",
  "gsa": "GSA_logo.jpeg",
  "georgia soccer academy": "GSA_logo.jpeg",
  "gulf coast soccer club": "Gulf_Coast_logo.jpeg",
  "gulf coast sc": "Gulf_Coast_logo.jpeg",
  "gulf coast": "Gulf_Coast_logo.jpeg",
  "hex fc": "HEX_FC_logo.png",
  "highland fc": "Highland_FC_logo.png",
  "idaho rush": "Idaho_Rush_logo.jpeg",
  "indiana fire": "Indiana_logo.png",
  "indiana fire academy": "Indiana_logo.png",
  "indiana": "Indiana_logo.png",
  "kansas rush": "Kansas_Rush_logo.png",
  "kernow storm fc": "Kernow_Storm_FC_logo.png",
  "la roca fc": "La_Roca_FC_logo.jpeg",
  "lions fc": "Lions_logo.png",
  "lions": "Lions_logo.png",
  "livermore fusion sc": "Livermore_Fusion_SC_logo.jpeg",
  "livermore fusion": "Livermore_Fusion_SC_logo.jpeg",
  "liverpool fc ia": "Liverpool_FC_IA_GMA_logo.jpeg",
  "liverpool ia": "Liverpool_FC_IA_GMA_logo.jpeg",
  "liverpool fc ia gma": "Liverpool_FC_IA_GMA_logo.jpeg",
  "manhattan sc": "Manhattan_SC_logo.png",
  "mercury": "Mercury_logo.png",
  "michigan hawks": "Michigan_logo.png",
  "michigan jaguars": "Michigan_logo.png",
  "michigan": "Michigan_logo.png",
  "mississippi fc": "Mississippi_logo.png",
  "mississippi rush": "Mississippi_logo.png",
  "mississippi": "Mississippi_logo.png",
  "missouri rush": "Missouri_logo.png",
  "missouri": "Missouri_logo.png",
  "ncfc youth": "NCFC_Youth_logo.png",
  "ncfc": "NCFC_Youth_logo.png",
  "nc fusion": "NC_Fusion_logo.png",
  "nlsa": "NLSA_logo.png",
  "ntx celtic fc": "NTX_Celtic_FC_Green_logo.jpeg",
  "ntx celtic": "NTX_Celtic_FC_Green_logo.jpeg",
  "ntx celtic fc green": "NTX_Celtic_FC_Green_logo.jpeg",
  "ohio premier": "Ohio_logo.png",
  "ohio elite sa": "Ohio_logo.png",
  "ohio": "Ohio_logo.png",
  "pateadores": "Pateadores_logo.png",
  "pateadores soccer club": "Pateadores_logo.png",
  "pda": "PDA_SCP_logo.png",
  "pda south": "PDA_SOUTH_WHITE_logo.jpeg",
  "pda scp": "PDA_SCP_logo.png",
  "pda south white": "PDA_SOUTH_WHITE_logo.jpeg",
  "philadelphia sc": "Philadelphia_logo.png",
  "philadelphia union": "Philadelphia_logo.png",
  "philadelphia": "Philadelphia_logo.png",
  "phoenix rising": "Phoenix_Rising_logo.png",
  "phoenix rising fc": "Phoenix_Rising_logo.png",
  "pittsburgh riverhounds": "Pittsburgh_Riverhounds_logo.png",
  "riverhounds": "Pittsburgh_Riverhounds_logo.png",
  "plymouth reign sc": "Plymouth_Reign_SC_logo.jpeg",
  "pride sc": "Pride_SC_logo.png",
  "pride soccer club": "Pride_SC_logo.png",
  "psa": "PSA_logo.png",
  "players soccer academy": "PSA_logo.png",
  "psa north": "PSA_North_logo.png",
  "pwsi": "PWSI_logo.png",
  "prince william soccer inc": "PWSI_logo.png",
  "racing louisville": "Racing_Louisville_Academy_logo.jpeg",
  "racing louisville academy": "Racing_Louisville_Academy_logo.jpeg",
  "reading rage sc": "Reading_Rage_Surf_logo.png",
  "reading rage surf": "Reading_Rage_Surf_logo.png",
  "real colorado": "Real_Colorado_logo.jpeg",
  "rebels sc": "Rebels_SC_logo.png",
  "rockford raptors": "Rockford_Raptors_logo.jpeg",
  "rush select": "Rush_Select_logo.jpeg",
  "rush": "Rush_Select_logo.jpeg",
  "scorpions sc": "Scorpions_logo.png",
  "scorpions": "Scorpions_logo.png",
  "seattle united": "Seattle_logo.jpeg",
  "seattle sounders": "Seattle_logo.jpeg",
  "seattle": "Seattle_logo.jpeg",
  "slammers fc": "SLAMMERS_FC_logo.png",
  "slammers fc hb koge": "Slammers_FC_HB_Koge_logo.png",
  "slsg": "SLSG_logo.png",
  "st. louis scott gallagher": "SLSG_logo.png",
  "solar sc": "SOLAR_BLUE_logo.png",
  "solar": "SOLAR_BLUE_logo.png",
  "solar blue": "SOLAR_BLUE_logo.png",
  "south florida united": "South_logo.jpeg",
  "south": "South_logo.jpeg",
  "sporting iowa": "Sporting_Iowa_logo.png",
  "sporting kansas city": "Sporting_Kansas_City_logo.jpeg",
  "sporting kc": "Sporting_Kansas_City_logo.jpeg",
  "sporting": "Sporting_logo.jpeg",
  "sporting springfield": "Sporting_Springfield_logo.png",
  "stafford soccer": "Stafford_logo.png",
  "stafford": "Stafford_logo.png",
  "stanford strikers": "Stanford_Strikers_logo.png",
  "sting nebraska": "Sting_Nebraska_logo.png",
  "susa fc": "SUSA_FC_logo.png",
  "susa": "SUSA_FC_logo.png",
  "tennessee sc": "Tennessee_SC_logo.jpeg",
  "tennessee soccer club": "Tennessee_SC_logo.jpeg",
  "texoma soccer academy": "Texoma_Soccer_Academy_logo.png",
  "united fc": "United_logo.png",
  "united": "United_logo.png",
  "utah avalanche": "Utah_Avalanche_logo.png",
  "utah celtic": "Utah_logo.png",
  "utah fc": "Utah_logo.png",
  "utah": "Utah_logo.png",
  "utah surf": "Utah_Surf_logo.png",
  "vienna youth soccer": "Vienna_logo.png",
  "vienna": "Vienna_logo.png",
  "west mont united sa": "West_Mont_United_logo.png",
  "west mont united": "West_Mont_United_logo.png",
  "wilmington hammerheads": "Wilmington_Hammerheads_logo.png",
  "world class fc": "World_Class_FC_logo.png"
}